country,bank,reference_date,section,gross_carrying_eur_m,source,url,page_pdf
IT,Intesa Sanpaolo,2025-12-31,A,3561,Pillar 3 31 Dec 2025 EU CQ5 column Gross carrying value Total,https://group.intesasanpaolo.com/content/dam/portalgroup/repository-documenti/investor-relations/Contenuti/RISORSE/Documenti%20PDF/en_governance/31122025_Pillar3.pdf,127
IT,Intesa Sanpaolo,2025-12-31,B,1965,Pillar 3 31 Dec 2025 EU CQ5 column Gross carrying value Total,https://group.intesasanpaolo.com/content/dam/portalgroup/repository-documenti/investor-relations/Contenuti/RISORSE/Documenti%20PDF/en_governance/31122025_Pillar3.pdf,127
IT,Intesa Sanpaolo,2025-12-31,C,42932,Pillar 3 31 Dec 2025 EU CQ5 column Gross carrying value Total,https://group.intesasanpaolo.com/content/dam/portalgroup/repository-documenti/investor-relations/Contenuti/RISORSE/Documenti%20PDF/en_governance/31122025_Pillar3.pdf,127
IT,Intesa Sanpaolo,2025-12-31,D,11540,Pillar 3 31 Dec 2025 EU CQ5 column Gross carrying value Total,https://group.intesasanpaolo.com/content/dam/portalgroup/repository-documenti/investor-relations/Contenuti/RISORSE/Documenti%20PDF/en_governance/31122025_Pillar3.pdf,127
IT,Intesa Sanpaolo,2025-12-31,E,2238,Pillar 3 31 Dec 2025 EU CQ5 column Gross carrying value Total,https://group.intesasanpaolo.com/content/dam/portalgroup/repository-documenti/investor-relations/Contenuti/RISORSE/Documenti%20PDF/en_governance/31122025_Pillar3.pdf,127
IT,Intesa Sanpaolo,2025-12-31,F,10465,Pillar 3 31 Dec 2025 EU CQ5 column Gross carrying value Total,https://group.intesasanpaolo.com/content/dam/portalgroup/repository-documenti/investor-relations/Contenuti/RISORSE/Documenti%20PDF/en_governance/31122025_Pillar3.pdf,127
IT,Intesa Sanpaolo,2025-12-31,G,27443,Pillar 3 31 Dec 2025 EU CQ5 column Gross carrying value Total,https://group.intesasanpaolo.com/content/dam/portalgroup/repository-documenti/investor-relations/Contenuti/RISORSE/Documenti%20PDF/en_governance/31122025_Pillar3.pdf,127
IT,Intesa Sanpaolo,2025-12-31,H,10798,Pillar 3 31 Dec 2025 EU CQ5 column Gross carrying value Total,https://group.intesasanpaolo.com/content/dam/portalgroup/repository-documenti/investor-relations/Contenuti/RISORSE/Documenti%20PDF/en_governance/31122025_Pillar3.pdf,127
IT,Intesa Sanpaolo,2025-12-31,I,5151,Pillar 3 31 Dec 2025 EU CQ5 column Gross carrying value Total,https://group.intesasanpaolo.com/content/dam/portalgroup/repository-documenti/investor-relations/Contenuti/RISORSE/Documenti%20PDF/en_governance/31122025_Pillar3.pdf,127
IT,Intesa Sanpaolo,2025-12-31,J,9769,Pillar 3 31 Dec 2025 EU CQ5 column Gross carrying value Total,https://group.intesasanpaolo.com/content/dam/portalgroup/repository-documenti/investor-relations/Contenuti/RISORSE/Documenti%20PDF/en_governance/31122025_Pillar3.pdf,127
IT,Intesa Sanpaolo,2025-12-31,L,10356,Pillar 3 31 Dec 2025 EU CQ5 column Gross carrying value Total,https://group.intesasanpaolo.com/content/dam/portalgroup/repository-documenti/investor-relations/Contenuti/RISORSE/Documenti%20PDF/en_governance/31122025_Pillar3.pdf,127
IT,Intesa Sanpaolo,2025-12-31,M,15235,Pillar 3 31 Dec 2025 EU CQ5 column Gross carrying value Total,https://group.intesasanpaolo.com/content/dam/portalgroup/repository-documenti/investor-relations/Contenuti/RISORSE/Documenti%20PDF/en_governance/31122025_Pillar3.pdf,127
IT,Intesa Sanpaolo,2025-12-31,N,5861,Pillar 3 31 Dec 2025 EU CQ5 column Gross carrying value Total,https://group.intesasanpaolo.com/content/dam/portalgroup/repository-documenti/investor-relations/Contenuti/RISORSE/Documenti%20PDF/en_governance/31122025_Pillar3.pdf,127
IT,Intesa Sanpaolo,2025-12-31,P,311,Pillar 3 31 Dec 2025 EU CQ5 column Gross carrying value Total,https://group.intesasanpaolo.com/content/dam/portalgroup/repository-documenti/investor-relations/Contenuti/RISORSE/Documenti%20PDF/en_governance/31122025_Pillar3.pdf,127
IT,Intesa Sanpaolo,2025-12-31,Q,1842,Pillar 3 31 Dec 2025 EU CQ5 column Gross carrying value Total,https://group.intesasanpaolo.com/content/dam/portalgroup/repository-documenti/investor-relations/Contenuti/RISORSE/Documenti%20PDF/en_governance/31122025_Pillar3.pdf,127
IT,Intesa Sanpaolo,2025-12-31,R,600,Pillar 3 31 Dec 2025 EU CQ5 column Gross carrying value Total,https://group.intesasanpaolo.com/content/dam/portalgroup/repository-documenti/investor-relations/Contenuti/RISORSE/Documenti%20PDF/en_governance/31122025_Pillar3.pdf,127
IT,Intesa Sanpaolo,2025-12-31,S,996,Pillar 3 31 Dec 2025 EU CQ5 column Gross carrying value Total,https://group.intesasanpaolo.com/content/dam/portalgroup/repository-documenti/investor-relations/Contenuti/RISORSE/Documenti%20PDF/en_governance/31122025_Pillar3.pdf,127
DE,Deutsche Bank,2025-12-31,A,288,Pillar 3 Report as of Dec 31 2025 EU CQ5 column a Gross carrying amount,https://investor-relations.db.com/files/documents/regulatory-reporting/2025/Pillar-3-Report-Q42025.pdf,78
DE,Deutsche Bank,2025-12-31,B,1953,Pillar 3 Report as of Dec 31 2025 EU CQ5 column a Gross carrying amount,https://investor-relations.db.com/files/documents/regulatory-reporting/2025/Pillar-3-Report-Q42025.pdf,78
DE,Deutsche Bank,2025-12-31,C,27228,Pillar 3 Report as of Dec 31 2025 EU CQ5 column a Gross carrying amount,https://investor-relations.db.com/files/documents/regulatory-reporting/2025/Pillar-3-Report-Q42025.pdf,78
DE,Deutsche Bank,2025-12-31,D,4926,Pillar 3 Report as of Dec 31 2025 EU CQ5 column a Gross carrying amount,https://investor-relations.db.com/files/documents/regulatory-reporting/2025/Pillar-3-Report-Q42025.pdf,78
DE,Deutsche Bank,2025-12-31,E,625,Pillar 3 Report as of Dec 31 2025 EU CQ5 column a Gross carrying amount,https://investor-relations.db.com/files/documents/regulatory-reporting/2025/Pillar-3-Report-Q42025.pdf,78
DE,Deutsche Bank,2025-12-31,F,4041,Pillar 3 Report as of Dec 31 2025 EU CQ5 column a Gross carrying amount,https://investor-relations.db.com/files/documents/regulatory-reporting/2025/Pillar-3-Report-Q42025.pdf,78
DE,Deutsche Bank,2025-12-31,G,20881,Pillar 3 Report as of Dec 31 2025 EU CQ5 column a Gross carrying amount,https://investor-relations.db.com/files/documents/regulatory-reporting/2025/Pillar-3-Report-Q42025.pdf,78
DE,Deutsche Bank,2025-12-31,H,4937,Pillar 3 Report as of Dec 31 2025 EU CQ5 column a Gross carrying amount,https://investor-relations.db.com/files/documents/regulatory-reporting/2025/Pillar-3-Report-Q42025.pdf,78
DE,Deutsche Bank,2025-12-31,I,3128,Pillar 3 Report as of Dec 31 2025 EU CQ5 column a Gross carrying amount,https://investor-relations.db.com/files/documents/regulatory-reporting/2025/Pillar-3-Report-Q42025.pdf,78
DE,Deutsche Bank,2025-12-31,J,9351,Pillar 3 Report as of Dec 31 2025 EU CQ5 column a Gross carrying amount,https://investor-relations.db.com/files/documents/regulatory-reporting/2025/Pillar-3-Report-Q42025.pdf,78
DE,Deutsche Bank,2025-12-31,L,44151,Pillar 3 Report as of Dec 31 2025 EU CQ5 column a Gross carrying amount,https://investor-relations.db.com/files/documents/regulatory-reporting/2025/Pillar-3-Report-Q42025.pdf,78
DE,Deutsche Bank,2025-12-31,M,6663,Pillar 3 Report as of Dec 31 2025 EU CQ5 column a Gross carrying amount,https://investor-relations.db.com/files/documents/regulatory-reporting/2025/Pillar-3-Report-Q42025.pdf,78
DE,Deutsche Bank,2025-12-31,N,6726,Pillar 3 Report as of Dec 31 2025 EU CQ5 column a Gross carrying amount,https://investor-relations.db.com/files/documents/regulatory-reporting/2025/Pillar-3-Report-Q42025.pdf,78
DE,Deutsche Bank,2025-12-31,P,256,Pillar 3 Report as of Dec 31 2025 EU CQ5 column a Gross carrying amount,https://investor-relations.db.com/files/documents/regulatory-reporting/2025/Pillar-3-Report-Q42025.pdf,78
DE,Deutsche Bank,2025-12-31,Q,1831,Pillar 3 Report as of Dec 31 2025 EU CQ5 column a Gross carrying amount,https://investor-relations.db.com/files/documents/regulatory-reporting/2025/Pillar-3-Report-Q42025.pdf,78
DE,Deutsche Bank,2025-12-31,R,666,Pillar 3 Report as of Dec 31 2025 EU CQ5 column a Gross carrying amount,https://investor-relations.db.com/files/documents/regulatory-reporting/2025/Pillar-3-Report-Q42025.pdf,78
DE,Deutsche Bank,2025-12-31,S,19987,Pillar 3 Report as of Dec 31 2025 EU CQ5 column a Gross carrying amount,https://investor-relations.db.com/files/documents/regulatory-reporting/2025/Pillar-3-Report-Q42025.pdf,78
