country,bank,reference_date,approach,exposure_class,pd_range,obligors,hist_default_rate_pct,source,url,page_pdf,page_printed
IT,Intesa Sanpaolo,2025-12-31,A-IRB,Corporates - Other,0.00 to < 0.15,4330,0.16,Basel 3 Pillar 3 Disclosure as at 31 December 2025 EU CR9 Table 2 of 6,https://group.intesasanpaolo.com/content/dam/portalgroup/repository-documenti/investor-relations/Contenuti/RISORSE/Documenti%20PDF/en_governance/31122025_Pillar3.pdf,161,159
IT,Intesa Sanpaolo,2025-12-31,A-IRB,Corporates - Other,0.15 to < 0.25,3061,0.03,Basel 3 Pillar 3 Disclosure as at 31 December 2025 EU CR9 Table 2 of 6,https://group.intesasanpaolo.com/content/dam/portalgroup/repository-documenti/investor-relations/Contenuti/RISORSE/Documenti%20PDF/en_governance/31122025_Pillar3.pdf,161,159
IT,Intesa Sanpaolo,2025-12-31,A-IRB,Corporates - Other,0.25 to < 0.50,21711,0.17,Basel 3 Pillar 3 Disclosure as at 31 December 2025 EU CR9 Table 2 of 6,https://group.intesasanpaolo.com/content/dam/portalgroup/repository-documenti/investor-relations/Contenuti/RISORSE/Documenti%20PDF/en_governance/31122025_Pillar3.pdf,161,159
IT,Intesa Sanpaolo,2025-12-31,A-IRB,Corporates - Other,0.50 to < 0.75,14563,0.28,Basel 3 Pillar 3 Disclosure as at 31 December 2025 EU CR9 Table 2 of 6,https://group.intesasanpaolo.com/content/dam/portalgroup/repository-documenti/investor-relations/Contenuti/RISORSE/Documenti%20PDF/en_governance/31122025_Pillar3.pdf,161,159
IT,Intesa Sanpaolo,2025-12-31,A-IRB,Corporates - Other,0.75 to < 2.5,37848,0.79,Basel 3 Pillar 3 Disclosure as at 31 December 2025 EU CR9 Table 2 of 6,https://group.intesasanpaolo.com/content/dam/portalgroup/repository-documenti/investor-relations/Contenuti/RISORSE/Documenti%20PDF/en_governance/31122025_Pillar3.pdf,161,159
IT,Intesa Sanpaolo,2025-12-31,A-IRB,Corporates - Other,2.50 to < 10.00,23469,3.00,Basel 3 Pillar 3 Disclosure as at 31 December 2025 EU CR9 Table 2 of 6,https://group.intesasanpaolo.com/content/dam/portalgroup/repository-documenti/investor-relations/Contenuti/RISORSE/Documenti%20PDF/en_governance/31122025_Pillar3.pdf,161,159
IT,Intesa Sanpaolo,2025-12-31,A-IRB,Corporates - Other,10.00 to < 100.00,11720,8.07,Basel 3 Pillar 3 Disclosure as at 31 December 2025 EU CR9 Table 2 of 6,https://group.intesasanpaolo.com/content/dam/portalgroup/repository-documenti/investor-relations/Contenuti/RISORSE/Documenti%20PDF/en_governance/31122025_Pillar3.pdf,161,159
IT,Intesa Sanpaolo,2025-12-31,F-IRB,Corporates - Other,0.00 to < 0.15,1286,0.09,Basel 3 Pillar 3 Disclosure as at 31 December 2025 EU CR9 Table 6 of 6,https://group.intesasanpaolo.com/content/dam/portalgroup/repository-documenti/investor-relations/Contenuti/RISORSE/Documenti%20PDF/en_governance/31122025_Pillar3.pdf,165,163
IT,Intesa Sanpaolo,2025-12-31,F-IRB,Corporates - Other,0.15 to < 0.25,936,1.00,Basel 3 Pillar 3 Disclosure as at 31 December 2025 EU CR9 Table 6 of 6,https://group.intesasanpaolo.com/content/dam/portalgroup/repository-documenti/investor-relations/Contenuti/RISORSE/Documenti%20PDF/en_governance/31122025_Pillar3.pdf,165,163
IT,Intesa Sanpaolo,2025-12-31,F-IRB,Corporates - Other,0.25 to < 0.50,736,0.05,Basel 3 Pillar 3 Disclosure as at 31 December 2025 EU CR9 Table 6 of 6,https://group.intesasanpaolo.com/content/dam/portalgroup/repository-documenti/investor-relations/Contenuti/RISORSE/Documenti%20PDF/en_governance/31122025_Pillar3.pdf,165,163
IT,Intesa Sanpaolo,2025-12-31,F-IRB,Corporates - Other,0.50 to < 0.75,735,0.80,Basel 3 Pillar 3 Disclosure as at 31 December 2025 EU CR9 Table 6 of 6,https://group.intesasanpaolo.com/content/dam/portalgroup/repository-documenti/investor-relations/Contenuti/RISORSE/Documenti%20PDF/en_governance/31122025_Pillar3.pdf,165,163
IT,Intesa Sanpaolo,2025-12-31,F-IRB,Corporates - Other,0.75 to < 2.5,1343,1.18,Basel 3 Pillar 3 Disclosure as at 31 December 2025 EU CR9 Table 6 of 6,https://group.intesasanpaolo.com/content/dam/portalgroup/repository-documenti/investor-relations/Contenuti/RISORSE/Documenti%20PDF/en_governance/31122025_Pillar3.pdf,165,163
IT,Intesa Sanpaolo,2025-12-31,F-IRB,Corporates - Other,2.50 to < 10.00,345,2.62,Basel 3 Pillar 3 Disclosure as at 31 December 2025 EU CR9 Table 6 of 6,https://group.intesasanpaolo.com/content/dam/portalgroup/repository-documenti/investor-relations/Contenuti/RISORSE/Documenti%20PDF/en_governance/31122025_Pillar3.pdf,165,163
IT,Intesa Sanpaolo,2025-12-31,F-IRB,Corporates - Other,10.00 to < 100.00,358,6.29,Basel 3 Pillar 3 Disclosure as at 31 December 2025 EU CR9 Table 6 of 6,https://group.intesasanpaolo.com/content/dam/portalgroup/repository-documenti/investor-relations/Contenuti/RISORSE/Documenti%20PDF/en_governance/31122025_Pillar3.pdf,165,163
IT,UniCredit,2025-12-31,A-IRB,Corporates - Other,0.00 to < 0.15,8096,0.10,UniCredit Group Disclosure (Pillar III) as at 31 December 2025 EU CR9 AIRB,https://www.unicreditgroup.eu/content/dam/unicreditgroup-eu/documents/it/investors/terzo-pilastro-basilea-2-3/2025/UniCredit-Group-Disclosure-Pillar-III-as-at-31-December-2025.pdf,66,64
IT,UniCredit,2025-12-31,A-IRB,Corporates - Other,0.15 to < 0.25,7564,0.12,UniCredit Group Disclosure (Pillar III) as at 31 December 2025 EU CR9 AIRB,https://www.unicreditgroup.eu/content/dam/unicreditgroup-eu/documents/it/investors/terzo-pilastro-basilea-2-3/2025/UniCredit-Group-Disclosure-Pillar-III-as-at-31-December-2025.pdf,66,64
IT,UniCredit,2025-12-31,A-IRB,Corporates - Other,0.25 to < 0.50,14839,0.18,UniCredit Group Disclosure (Pillar III) as at 31 December 2025 EU CR9 AIRB,https://www.unicreditgroup.eu/content/dam/unicreditgroup-eu/documents/it/investors/terzo-pilastro-basilea-2-3/2025/UniCredit-Group-Disclosure-Pillar-III-as-at-31-December-2025.pdf,66,64
IT,UniCredit,2025-12-31,A-IRB,Corporates - Other,0.50 to < 0.75,9496,0.33,UniCredit Group Disclosure (Pillar III) as at 31 December 2025 EU CR9 AIRB,https://www.unicreditgroup.eu/content/dam/unicreditgroup-eu/documents/it/investors/terzo-pilastro-basilea-2-3/2025/UniCredit-Group-Disclosure-Pillar-III-as-at-31-December-2025.pdf,66,64
IT,UniCredit,2025-12-31,A-IRB,Corporates - Other,0.75 to < 2.5,24415,0.81,UniCredit Group Disclosure (Pillar III) as at 31 December 2025 EU CR9 AIRB,https://www.unicreditgroup.eu/content/dam/unicreditgroup-eu/documents/it/investors/terzo-pilastro-basilea-2-3/2025/UniCredit-Group-Disclosure-Pillar-III-as-at-31-December-2025.pdf,66,64
IT,UniCredit,2025-12-31,A-IRB,Corporates - Other,2.50 to < 10.00,20006,2.28,UniCredit Group Disclosure (Pillar III) as at 31 December 2025 EU CR9 AIRB,https://www.unicreditgroup.eu/content/dam/unicreditgroup-eu/documents/it/investors/terzo-pilastro-basilea-2-3/2025/UniCredit-Group-Disclosure-Pillar-III-as-at-31-December-2025.pdf,66,64
IT,UniCredit,2025-12-31,A-IRB,Corporates - Other,10.00 to < 100.00,11145,8.43,UniCredit Group Disclosure (Pillar III) as at 31 December 2025 EU CR9 AIRB,https://www.unicreditgroup.eu/content/dam/unicreditgroup-eu/documents/it/investors/terzo-pilastro-basilea-2-3/2025/UniCredit-Group-Disclosure-Pillar-III-as-at-31-December-2025.pdf,66,64
IT,UniCredit,2025-12-31,F-IRB,Corporates - Other,0.00 to < 0.15,2021,0.09,UniCredit Group Disclosure (Pillar III) as at 31 December 2025 EU CR9 FIRB,https://www.unicreditgroup.eu/content/dam/unicreditgroup-eu/documents/it/investors/terzo-pilastro-basilea-2-3/2025/UniCredit-Group-Disclosure-Pillar-III-as-at-31-December-2025.pdf,71,69
IT,UniCredit,2025-12-31,F-IRB,Corporates - Other,0.15 to < 0.25,1071,0.09,UniCredit Group Disclosure (Pillar III) as at 31 December 2025 EU CR9 FIRB,https://www.unicreditgroup.eu/content/dam/unicreditgroup-eu/documents/it/investors/terzo-pilastro-basilea-2-3/2025/UniCredit-Group-Disclosure-Pillar-III-as-at-31-December-2025.pdf,71,69
IT,UniCredit,2025-12-31,F-IRB,Corporates - Other,0.25 to < 0.50,1627,0.36,UniCredit Group Disclosure (Pillar III) as at 31 December 2025 EU CR9 FIRB,https://www.unicreditgroup.eu/content/dam/unicreditgroup-eu/documents/it/investors/terzo-pilastro-basilea-2-3/2025/UniCredit-Group-Disclosure-Pillar-III-as-at-31-December-2025.pdf,71,69
IT,UniCredit,2025-12-31,F-IRB,Corporates - Other,0.50 to < 0.75,688,0.71,UniCredit Group Disclosure (Pillar III) as at 31 December 2025 EU CR9 FIRB,https://www.unicreditgroup.eu/content/dam/unicreditgroup-eu/documents/it/investors/terzo-pilastro-basilea-2-3/2025/UniCredit-Group-Disclosure-Pillar-III-as-at-31-December-2025.pdf,71,69
IT,UniCredit,2025-12-31,F-IRB,Corporates - Other,0.75 to < 2.5,1624,0.98,UniCredit Group Disclosure (Pillar III) as at 31 December 2025 EU CR9 FIRB,https://www.unicreditgroup.eu/content/dam/unicreditgroup-eu/documents/it/investors/terzo-pilastro-basilea-2-3/2025/UniCredit-Group-Disclosure-Pillar-III-as-at-31-December-2025.pdf,71,69
IT,UniCredit,2025-12-31,F-IRB,Corporates - Other,2.50 to < 10.00,795,2.90,UniCredit Group Disclosure (Pillar III) as at 31 December 2025 EU CR9 FIRB,https://www.unicreditgroup.eu/content/dam/unicreditgroup-eu/documents/it/investors/terzo-pilastro-basilea-2-3/2025/UniCredit-Group-Disclosure-Pillar-III-as-at-31-December-2025.pdf,71,69
IT,UniCredit,2025-12-31,F-IRB,Corporates - Other,10.00 to < 100.00,231,4.70,UniCredit Group Disclosure (Pillar III) as at 31 December 2025 EU CR9 FIRB,https://www.unicreditgroup.eu/content/dam/unicreditgroup-eu/documents/it/investors/terzo-pilastro-basilea-2-3/2025/UniCredit-Group-Disclosure-Pillar-III-as-at-31-December-2025.pdf,71,69
DE,Deutsche Bank,2025-12-31,A-IRB,Corporates - General,0.00 to < 0.15,13699,0.01,Deutsche Bank Pillar 3 Report as of December 31 2025 EU CR9 - hist column equals 2025 observed rate (CRR3 phase-in stated p.139),https://investor-relations.db.com/files/documents/regulatory-reporting/2025/Pillar-3-Report-Q42025.pdf,147,147
DE,Deutsche Bank,2025-12-31,A-IRB,Corporates - General,0.15 to < 0.25,18377,0.01,Deutsche Bank Pillar 3 Report as of December 31 2025 EU CR9 - hist column equals 2025 observed rate (CRR3 phase-in stated p.139),https://investor-relations.db.com/files/documents/regulatory-reporting/2025/Pillar-3-Report-Q42025.pdf,147,147
DE,Deutsche Bank,2025-12-31,A-IRB,Corporates - General,0.25 to < 0.50,39200,0.07,Deutsche Bank Pillar 3 Report as of December 31 2025 EU CR9 - hist column equals 2025 observed rate (CRR3 phase-in stated p.139),https://investor-relations.db.com/files/documents/regulatory-reporting/2025/Pillar-3-Report-Q42025.pdf,147,147
DE,Deutsche Bank,2025-12-31,A-IRB,Corporates - General,0.50 to < 0.75,6494,0.34,Deutsche Bank Pillar 3 Report as of December 31 2025 EU CR9 - hist column equals 2025 observed rate (CRR3 phase-in stated p.139),https://investor-relations.db.com/files/documents/regulatory-reporting/2025/Pillar-3-Report-Q42025.pdf,147,147
DE,Deutsche Bank,2025-12-31,A-IRB,Corporates - General,0.75 to < 2.5,34336,0.35,Deutsche Bank Pillar 3 Report as of December 31 2025 EU CR9 - hist column equals 2025 observed rate (CRR3 phase-in stated p.139),https://investor-relations.db.com/files/documents/regulatory-reporting/2025/Pillar-3-Report-Q42025.pdf,147,147
DE,Deutsche Bank,2025-12-31,A-IRB,Corporates - General,2.50 to < 10.00,7555,1.35,Deutsche Bank Pillar 3 Report as of December 31 2025 EU CR9 - hist column equals 2025 observed rate (CRR3 phase-in stated p.139),https://investor-relations.db.com/files/documents/regulatory-reporting/2025/Pillar-3-Report-Q42025.pdf,147,147
DE,Deutsche Bank,2025-12-31,A-IRB,Corporates - General,10.00 to < 100.00,2543,5.78,Deutsche Bank Pillar 3 Report as of December 31 2025 EU CR9 - hist column equals 2025 observed rate (CRR3 phase-in stated p.139),https://investor-relations.db.com/files/documents/regulatory-reporting/2025/Pillar-3-Report-Q42025.pdf,147,147
DE,Deutsche Bank,2025-12-31,F-IRB,Corporates - General,0.00 to < 0.15,2714,0.00,Deutsche Bank Pillar 3 Report as of December 31 2025 EU CR9 - hist column equals 2025 observed rate (CRR3 phase-in stated p.139),https://investor-relations.db.com/files/documents/regulatory-reporting/2025/Pillar-3-Report-Q42025.pdf,141,141
DE,Deutsche Bank,2025-12-31,F-IRB,Corporates - General,0.15 to < 0.25,1840,0.65,Deutsche Bank Pillar 3 Report as of December 31 2025 EU CR9 - hist column equals 2025 observed rate (CRR3 phase-in stated p.139),https://investor-relations.db.com/files/documents/regulatory-reporting/2025/Pillar-3-Report-Q42025.pdf,141,141
DE,Deutsche Bank,2025-12-31,F-IRB,Corporates - General,0.25 to < 0.50,2743,0.00,Deutsche Bank Pillar 3 Report as of December 31 2025 EU CR9 - hist column equals 2025 observed rate (CRR3 phase-in stated p.139),https://investor-relations.db.com/files/documents/regulatory-reporting/2025/Pillar-3-Report-Q42025.pdf,141,141
DE,Deutsche Bank,2025-12-31,F-IRB,Corporates - General,0.50 to < 0.75,1090,0.00,Deutsche Bank Pillar 3 Report as of December 31 2025 EU CR9 - hist column equals 2025 observed rate (CRR3 phase-in stated p.139),https://investor-relations.db.com/files/documents/regulatory-reporting/2025/Pillar-3-Report-Q42025.pdf,141,141
DE,Deutsche Bank,2025-12-31,F-IRB,Corporates - General,0.75 to < 2.5,1743,1.61,Deutsche Bank Pillar 3 Report as of December 31 2025 EU CR9 - hist column equals 2025 observed rate (CRR3 phase-in stated p.139),https://investor-relations.db.com/files/documents/regulatory-reporting/2025/Pillar-3-Report-Q42025.pdf,141,141
DE,Deutsche Bank,2025-12-31,F-IRB,Corporates - General,2.50 to < 10.00,430,7.91,Deutsche Bank Pillar 3 Report as of December 31 2025 EU CR9 - hist column equals 2025 observed rate (CRR3 phase-in stated p.139),https://investor-relations.db.com/files/documents/regulatory-reporting/2025/Pillar-3-Report-Q42025.pdf,141,141
DE,Deutsche Bank,2025-12-31,F-IRB,Corporates - General,10.00 to < 100.00,181,12.15,Deutsche Bank Pillar 3 Report as of December 31 2025 EU CR9 - hist column equals 2025 observed rate (CRR3 phase-in stated p.139),https://investor-relations.db.com/files/documents/regulatory-reporting/2025/Pillar-3-Report-Q42025.pdf,141,141
DE,DZ BANK,2025-12-31,F-IRB,Corporates - Other,0.00 to < 0.15,1275,0.03,DZ BANK banking group Regulatory risk report (Pillar 3) as at December 31 2025 Fig. 49 EU CR9 F-IRB,https://www.dzbank.com/content/dam/dzbank/dokumente/en/dz-bank/investor-relations/reports/archive/2026/DZBANK_Group_Pillar3_ARB_2025_12_EN.pdf,123,123
DE,DZ BANK,2025-12-31,F-IRB,Corporates - Other,0.15 to < 0.25,492,0.06,DZ BANK banking group Regulatory risk report (Pillar 3) as at December 31 2025 Fig. 49 EU CR9 F-IRB,https://www.dzbank.com/content/dam/dzbank/dokumente/en/dz-bank/investor-relations/reports/archive/2026/DZBANK_Group_Pillar3_ARB_2025_12_EN.pdf,123,123
DE,DZ BANK,2025-12-31,F-IRB,Corporates - Other,0.25 to < 0.50,704,1.58,DZ BANK banking group Regulatory risk report (Pillar 3) as at December 31 2025 Fig. 49 EU CR9 F-IRB,https://www.dzbank.com/content/dam/dzbank/dokumente/en/dz-bank/investor-relations/reports/archive/2026/DZBANK_Group_Pillar3_ARB_2025_12_EN.pdf,123,123
DE,DZ BANK,2025-12-31,F-IRB,Corporates - Other,0.50 to < 0.75,298,0.90,DZ BANK banking group Regulatory risk report (Pillar 3) as at December 31 2025 Fig. 49 EU CR9 F-IRB,https://www.dzbank.com/content/dam/dzbank/dokumente/en/dz-bank/investor-relations/reports/archive/2026/DZBANK_Group_Pillar3_ARB_2025_12_EN.pdf,123,123
DE,DZ BANK,2025-12-31,F-IRB,Corporates - Other,0.75 to < 2.5,575,0.24,DZ BANK banking group Regulatory risk report (Pillar 3) as at December 31 2025 Fig. 49 EU CR9 F-IRB,https://www.dzbank.com/content/dam/dzbank/dokumente/en/dz-bank/investor-relations/reports/archive/2026/DZBANK_Group_Pillar3_ARB_2025_12_EN.pdf,123,123
DE,DZ BANK,2025-12-31,F-IRB,Corporates - Other,2.50 to < 10.00,265,0.98,DZ BANK banking group Regulatory risk report (Pillar 3) as at December 31 2025 Fig. 49 EU CR9 F-IRB,https://www.dzbank.com/content/dam/dzbank/dokumente/en/dz-bank/investor-relations/reports/archive/2026/DZBANK_Group_Pillar3_ARB_2025_12_EN.pdf,123,123
DE,DZ BANK,2025-12-31,F-IRB,Corporates - Other,10.00 to < 100.00,70,1.01,DZ BANK banking group Regulatory risk report (Pillar 3) as at December 31 2025 Fig. 49 EU CR9 F-IRB,https://www.dzbank.com/content/dam/dzbank/dokumente/en/dz-bank/investor-relations/reports/archive/2026/DZBANK_Group_Pillar3_ARB_2025_12_EN.pdf,124,124
