section,section_name,year,insolvencies,legal_units,per_10000,source
B,Bergbau und Gewinnung von Steinen und Erden,2020,6.0,2024.0,29.64426877470356,Destatis GENESIS 52411-0068 / 52111-0002
B,Bergbau und Gewinnung von Steinen und Erden,2021,4.0,1984.0,20.161290322580644,Destatis GENESIS 52411-0068 / 52111-0002
B,Bergbau und Gewinnung von Steinen und Erden,2022,7.0,1957.0,35.769034236075626,Destatis GENESIS 52411-0068 / 52111-0002
B,Bergbau und Gewinnung von Steinen und Erden,2023,7.0,1945.0,35.98971722365039,Destatis GENESIS 52411-0068 / 52111-0002
B,Bergbau und Gewinnung von Steinen und Erden,2024,5.0,1919.0,26.055237102657635,Destatis GENESIS 52411-0068 / 52111-0002
B,Bergbau und Gewinnung von Steinen und Erden,2025,3.0,1910.0,15.706806282722512,Destatis GENESIS 52411-0068 / 52111-0002
C,Verarbeitendes Gewerbe,2020,1381.0,228723.0,60.37871136702474,Destatis GENESIS 52411-0068 / 52111-0002
C,Verarbeitendes Gewerbe,2021,982.0,219449.0,44.748438133689376,Destatis GENESIS 52411-0068 / 52111-0002
C,Verarbeitendes Gewerbe,2022,1112.0,217076.0,51.22629862352356,Destatis GENESIS 52411-0068 / 52111-0002
C,Verarbeitendes Gewerbe,2023,1378.0,215480.0,63.95025060330425,Destatis GENESIS 52411-0068 / 52111-0002
C,Verarbeitendes Gewerbe,2024,1711.0,212211.0,80.62730018707795,Destatis GENESIS 52411-0068 / 52111-0002
C,Verarbeitendes Gewerbe,2025,1928.0,209815.0,91.890474942211,Destatis GENESIS 52411-0068 / 52111-0002
D,Energieversorgung,2020,76.0,79871.0,9.51534349137985,Destatis GENESIS 52411-0068 / 52111-0002
D,Energieversorgung,2021,66.0,69574.0,9.486302354327766,Destatis GENESIS 52411-0068 / 52111-0002
D,Energieversorgung,2022,64.0,71261.0,8.981069589256396,Destatis GENESIS 52411-0068 / 52111-0002
D,Energieversorgung,2023,45.0,73672.0,6.108155065696601,Destatis GENESIS 52411-0068 / 52111-0002
D,Energieversorgung,2024,77.0,81983.0,9.392191064001073,Destatis GENESIS 52411-0068 / 52111-0002
D,Energieversorgung,2025,83.0,74485.0,11.14318319124656,Destatis GENESIS 52411-0068 / 52111-0002
E,"Wasserversorg.,Entsorg.,Beseitig.v.Umweltverschm.",2020,48.0,11578.0,41.45793746761099,Destatis GENESIS 52411-0068 / 52111-0002
E,"Wasserversorg.,Entsorg.,Beseitig.v.Umweltverschm.",2021,33.0,11360.0,29.049295774647888,Destatis GENESIS 52411-0068 / 52111-0002
E,"Wasserversorg.,Entsorg.,Beseitig.v.Umweltverschm.",2022,26.0,11353.0,22.90143574385625,Destatis GENESIS 52411-0068 / 52111-0002
E,"Wasserversorg.,Entsorg.,Beseitig.v.Umweltverschm.",2023,32.0,11374.0,28.13434148056972,Destatis GENESIS 52411-0068 / 52111-0002
E,"Wasserversorg.,Entsorg.,Beseitig.v.Umweltverschm.",2024,55.0,11335.0,48.52227613586237,Destatis GENESIS 52411-0068 / 52111-0002
E,"Wasserversorg.,Entsorg.,Beseitig.v.Umweltverschm.",2025,38.0,11366.0,33.4330459264473,Destatis GENESIS 52411-0068 / 52111-0002
F,Baugewerbe,2020,2500.0,391344.0,63.88241547078785,Destatis GENESIS 52411-0068 / 52111-0002
F,Baugewerbe,2021,2423.0,382713.0,63.31114960819204,Destatis GENESIS 52411-0068 / 52111-0002
F,Baugewerbe,2022,2698.0,385511.0,69.98503285249967,Destatis GENESIS 52411-0068 / 52111-0002
F,Baugewerbe,2023,3080.0,387853.0,79.41152962591497,Destatis GENESIS 52411-0068 / 52111-0002
F,Baugewerbe,2024,3696.0,388915.0,95.03361917128422,Destatis GENESIS 52411-0068 / 52111-0002
F,Baugewerbe,2025,4062.0,388229.0,104.62896898480021,Destatis GENESIS 52411-0068 / 52111-0002
G,"Handel, Instandhaltung und Reparatur von Kfz",2020,2466.0,609381.0,40.46729386049122,Destatis GENESIS 52411-0068 / 52111-0002
G,"Handel, Instandhaltung und Reparatur von Kfz",2021,2122.0,577161.0,36.7661709644276,Destatis GENESIS 52411-0068 / 52111-0002
G,"Handel, Instandhaltung und Reparatur von Kfz",2022,2239.0,572219.0,39.128375674348455,Destatis GENESIS 52411-0068 / 52111-0002
G,"Handel, Instandhaltung und Reparatur von Kfz",2023,2810.0,568926.0,49.391309238811374,Destatis GENESIS 52411-0068 / 52111-0002
G,"Handel, Instandhaltung und Reparatur von Kfz",2024,3408.0,562642.0,60.57137575936386,Destatis GENESIS 52411-0068 / 52111-0002
G,"Handel, Instandhaltung und Reparatur von Kfz",2025,3823.0,557277.0,68.60143160403175,Destatis GENESIS 52411-0068 / 52111-0002
H,Verkehr und Lagerei,2020,1100.0,114898.0,95.73708854810353,Destatis GENESIS 52411-0068 / 52111-0002
H,Verkehr und Lagerei,2021,1023.0,107814.0,94.8856363737548,Destatis GENESIS 52411-0068 / 52111-0002
H,Verkehr und Lagerei,2022,1104.0,106006.0,104.14504839348716,Destatis GENESIS 52411-0068 / 52111-0002
H,Verkehr und Lagerei,2023,1129.0,106508.0,106.00142712284523,Destatis GENESIS 52411-0068 / 52111-0002
H,Verkehr und Lagerei,2024,1297.0,106524.0,121.75659945176673,Destatis GENESIS 52411-0068 / 52111-0002
H,Verkehr und Lagerei,2025,1415.0,107052.0,132.17875425027088,Destatis GENESIS 52411-0068 / 52111-0002
I,Gastgewerbe,2020,1775.0,254252.0,69.81262684266004,Destatis GENESIS 52411-0068 / 52111-0002
I,Gastgewerbe,2021,1379.0,234162.0,58.890853340849496,Destatis GENESIS 52411-0068 / 52111-0002
I,Gastgewerbe,2022,1235.0,227139.0,54.371992480375454,Destatis GENESIS 52411-0068 / 52111-0002
I,Gastgewerbe,2023,1643.0,234840.0,69.96252767841935,Destatis GENESIS 52411-0068 / 52111-0002
I,Gastgewerbe,2024,2014.0,237447.0,84.8189280134093,Destatis GENESIS 52411-0068 / 52111-0002
I,Gastgewerbe,2025,2563.0,245555.0,104.37580175520759,Destatis GENESIS 52411-0068 / 52111-0002
J,Information und Kommunikation,2020,502.0,137504.0,36.50802885734233,Destatis GENESIS 52411-0068 / 52111-0002
J,Information und Kommunikation,2021,460.0,130254.0,35.3156141078201,Destatis GENESIS 52411-0068 / 52111-0002
J,Information und Kommunikation,2022,493.0,132726.0,37.14419179361994,Destatis GENESIS 52411-0068 / 52111-0002
J,Information und Kommunikation,2023,722.0,135601.0,53.24444509996239,Destatis GENESIS 52411-0068 / 52111-0002
J,Information und Kommunikation,2024,860.0,140705.0,61.120784620304896,Destatis GENESIS 52411-0068 / 52111-0002
J,Information und Kommunikation,2025,924.0,142712.0,64.74578171422165,Destatis GENESIS 52411-0068 / 52111-0002
K,Erbringung v. Finanz- u. Versicherungsdienstleist.,2020,371.0,75805.0,48.941362706945455,Destatis GENESIS 52411-0068 / 52111-0002
K,Erbringung v. Finanz- u. Versicherungsdienstleist.,2021,320.0,75187.0,42.5605490310825,Destatis GENESIS 52411-0068 / 52111-0002
K,Erbringung v. Finanz- u. Versicherungsdienstleist.,2022,363.0,75482.0,48.090935587292336,Destatis GENESIS 52411-0068 / 52111-0002
K,Erbringung v. Finanz- u. Versicherungsdienstleist.,2023,382.0,75300.0,50.73041168658698,Destatis GENESIS 52411-0068 / 52111-0002
K,Erbringung v. Finanz- u. Versicherungsdienstleist.,2024,555.0,74228.0,74.76962871153742,Destatis GENESIS 52411-0068 / 52111-0002
K,Erbringung v. Finanz- u. Versicherungsdienstleist.,2025,608.0,81464.0,74.63419424531081,Destatis GENESIS 52411-0068 / 52111-0002
L,Grundstücks- und Wohnungswesen,2020,451.0,189162.0,23.841997864264492,Destatis GENESIS 52411-0068 / 52111-0002
L,Grundstücks- und Wohnungswesen,2021,501.0,204214.0,24.533087839227477,Destatis GENESIS 52411-0068 / 52111-0002
L,Grundstücks- und Wohnungswesen,2022,451.0,210061.0,21.469953965752804,Destatis GENESIS 52411-0068 / 52111-0002
L,Grundstücks- und Wohnungswesen,2023,685.0,211115.0,32.44677071738152,Destatis GENESIS 52411-0068 / 52111-0002
L,Grundstücks- und Wohnungswesen,2024,1183.0,213069.0,55.52192012916004,Destatis GENESIS 52411-0068 / 52111-0002
L,Grundstücks- und Wohnungswesen,2025,1095.0,240013.0,45.6225287796911,Destatis GENESIS 52411-0068 / 52111-0002
M,"Freiberufliche, wiss. u. techn. Dienstleistungen",2020,1754.0,533450.0,32.880307432749085,Destatis GENESIS 52411-0068 / 52111-0002
M,"Freiberufliche, wiss. u. techn. Dienstleistungen",2021,1398.0,498735.0,28.030918223104454,Destatis GENESIS 52411-0068 / 52111-0002
M,"Freiberufliche, wiss. u. techn. Dienstleistungen",2022,1458.0,502685.0,29.004247192575868,Destatis GENESIS 52411-0068 / 52111-0002
M,"Freiberufliche, wiss. u. techn. Dienstleistungen",2023,1806.0,509923.0,35.41711199534047,Destatis GENESIS 52411-0068 / 52111-0002
M,"Freiberufliche, wiss. u. techn. Dienstleistungen",2024,2501.0,519521.0,48.140498651642574,Destatis GENESIS 52411-0068 / 52111-0002
M,"Freiberufliche, wiss. u. techn. Dienstleistungen",2025,2754.0,528276.0,52.13184017445426,Destatis GENESIS 52411-0068 / 52111-0002
N,Sonstige wirtschaftliche Dienstleistungen,2020,1719.0,229422.0,74.92742631482595,Destatis GENESIS 52411-0068 / 52111-0002
N,Sonstige wirtschaftliche Dienstleistungen,2021,1490.0,217859.0,68.39285960185258,Destatis GENESIS 52411-0068 / 52111-0002
N,Sonstige wirtschaftliche Dienstleistungen,2022,1607.0,222998.0,72.06342657781684,Destatis GENESIS 52411-0068 / 52111-0002
N,Sonstige wirtschaftliche Dienstleistungen,2023,1894.0,231746.0,81.72740845580938,Destatis GENESIS 52411-0068 / 52111-0002
N,Sonstige wirtschaftliche Dienstleistungen,2024,2144.0,238833.0,89.76983917632823,Destatis GENESIS 52411-0068 / 52111-0002
N,Sonstige wirtschaftliche Dienstleistungen,2025,2393.0,249523.0,95.90298289135671,Destatis GENESIS 52411-0068 / 52111-0002
P,Erziehung und Unterricht,2020,154.0,80571.0,19.11357684526691,Destatis GENESIS 52411-0068 / 52111-0002
P,Erziehung und Unterricht,2021,161.0,74030.0,21.747940024314467,Destatis GENESIS 52411-0068 / 52111-0002
P,Erziehung und Unterricht,2022,175.0,74229.0,23.575691441350415,Destatis GENESIS 52411-0068 / 52111-0002
P,Erziehung und Unterricht,2023,217.0,76539.0,28.35155933576347,Destatis GENESIS 52411-0068 / 52111-0002
P,Erziehung und Unterricht,2024,272.0,78604.0,34.603836954862345,Destatis GENESIS 52411-0068 / 52111-0002
P,Erziehung und Unterricht,2025,301.0,81807.0,36.793917390932315,Destatis GENESIS 52411-0068 / 52111-0002
Q,Gesundheits- und Sozialwesen,2020,337.0,253910.0,13.272419361190973,Destatis GENESIS 52411-0068 / 52111-0002
Q,Gesundheits- und Sozialwesen,2021,332.0,248908.0,13.338261526347084,Destatis GENESIS 52411-0068 / 52111-0002
Q,Gesundheits- und Sozialwesen,2022,360.0,265655.0,13.551410664207337,Destatis GENESIS 52411-0068 / 52111-0002
Q,Gesundheits- und Sozialwesen,2023,673.0,266842.0,25.220917246910158,Destatis GENESIS 52411-0068 / 52111-0002
Q,Gesundheits- und Sozialwesen,2024,666.0,264945.0,25.137292645643434,Destatis GENESIS 52411-0068 / 52111-0002
Q,Gesundheits- und Sozialwesen,2025,647.0,271527.0,23.828201247021475,Destatis GENESIS 52411-0068 / 52111-0002
R,"Kunst, Unterhaltung und Erholung",2020,365.0,120854.0,30.201731014281695,Destatis GENESIS 52411-0068 / 52111-0002
R,"Kunst, Unterhaltung und Erholung",2021,288.0,99707.0,28.884631971677013,Destatis GENESIS 52411-0068 / 52111-0002
R,"Kunst, Unterhaltung und Erholung",2022,284.0,98031.0,28.97042772184309,Destatis GENESIS 52411-0068 / 52111-0002
R,"Kunst, Unterhaltung und Erholung",2023,355.0,104266.0,34.047532273224256,Destatis GENESIS 52411-0068 / 52111-0002
R,"Kunst, Unterhaltung und Erholung",2024,433.0,108686.0,39.83953775095228,Destatis GENESIS 52411-0068 / 52111-0002
R,"Kunst, Unterhaltung und Erholung",2025,466.0,114772.0,40.602237479524625,Destatis GENESIS 52411-0068 / 52111-0002
S,Erbringung von sonstigen Dienstleistungen,2020,734.0,246448.0,29.78315912484581,Destatis GENESIS 52411-0068 / 52111-0002
S,Erbringung von sonstigen Dienstleistungen,2021,902.0,221472.0,40.727496026585754,Destatis GENESIS 52411-0068 / 52111-0002
S,Erbringung von sonstigen Dienstleistungen,2022,826.0,216315.0,38.18505420336084,Destatis GENESIS 52411-0068 / 52111-0002
S,Erbringung von sonstigen Dienstleistungen,2023,836.0,223548.0,37.39689015334514,Destatis GENESIS 52411-0068 / 52111-0002
S,Erbringung von sonstigen Dienstleistungen,2024,853.0,228351.0,37.35477401018607,Destatis GENESIS 52411-0068 / 52111-0002
S,Erbringung von sonstigen Dienstleistungen,2025,844.0,238082.0,35.449971018388624,Destatis GENESIS 52411-0068 / 52111-0002
