country,scenario,year,pd,dpd_pp,el_eur_m
IT,Below 2?C,2025,0.016944993121263234,0.0,1091.6845708360079
IT,Below 2?C,2026,0.022709789358784965,0.5764796237521732,1463.082721397593
IT,Below 2?C,2027,0.031651004059897576,1.4706010938634348,2039.1222667597137
IT,Below 2?C,2028,0.037725788334542654,2.078079521327942,2430.4914586105765
IT,Below 2?C,2029,0.04137811751810329,2.443312439684006,2665.793496727308
IT,Below 2?C,2030,0.04267630604701118,2.573131292574795,2749.4295523399046
IT,Below 2?C,2031,0.04638182329203667,2.9436830170773445,2988.158241954121
IT,Below 2?C,2032,0.04863934915226828,3.169435603100505,3133.599797004715
IT,Below 2?C,2033,0.049676684377482384,3.2731691256219158,3200.4303263561783
IT,Below 2?C,2034,0.0501756668836496,3.3230673762386367,3232.577374112502
IT,Below 2?C,2035,0.049808910291169725,3.28639171699065,3208.9490072906674
IT,Below 2?C,2036,0.049778266048687236,3.2833272927423995,3206.9747458398847
IT,Below 2?C,2037,0.05055944238132077,3.3614449260057535,3257.302187305067
IT,Below 2?C,2038,0.05181447533181126,3.486948221054803,3338.157936147007
IT,Below 2?C,2039,0.05307678337657975,3.613179025531653,3419.482384392826
IT,Below 2?C,2040,0.05382646321339222,3.6881470092128983,3467.7806578154364
IT,Below 2?C,2041,0.05477067062083602,3.7825677499572796,3528.611408881486
IT,Below 2?C,2042,0.05536424305858772,3.8419249937324493,3566.852431898126
IT,Below 2?C,2043,0.05567571944695087,3.873072632568765,3586.9193605137
IT,Below 2?C,2044,0.055761662368679354,3.8816669247416127,3592.456250434642
IT,Below 2?C,2045,0.055565119521297765,3.862012640003453,3579.7939381835126
IT,Below 2?C,2046,0.05532679518737687,3.8381802066113644,3564.439845305793
IT,Below 2?C,2047,0.054896378747318425,3.795138562605519,3536.7101800717387
IT,Below 2?C,2048,0.0541544032882377,3.720941016697447,3488.9082627253715
IT,Below 2?C,2049,0.05324003364097455,3.629504051971131,3429.9998153265133
IT,Below 2?C,2050,0.05226258212967961,3.5317589008416377,3367.0273062210345
IT,Current Policies,2025,0.016944993121263234,0.0,1091.6845708360079
IT,Current Policies,2026,0.016944993121263234,0.0,1091.6845708360079
IT,Current Policies,2027,0.01694499312126323,0.0,1091.6845708360079
IT,Current Policies,2028,0.016944993121263234,0.0,1091.6845708360079
IT,Current Policies,2029,0.01694499312126323,0.0,1091.6845708360079
IT,Current Policies,2030,0.016944993121263234,0.0,1091.6845708360079
IT,Current Policies,2031,0.01694499312126323,0.0,1091.6845708360079
IT,Current Policies,2032,0.016944993121263234,0.0,1091.6845708360079
IT,Current Policies,2033,0.01694499312126323,0.0,1091.684570836008
IT,Current Policies,2034,0.016944993121263234,0.0,1091.6845708360079
IT,Current Policies,2035,0.01694499312126323,0.0,1091.6845708360079
IT,Current Policies,2036,0.01694499312126323,0.0,1091.6845708360079
IT,Current Policies,2037,0.016944993121263234,0.0,1091.6845708360079
IT,Current Policies,2038,0.01694499312126323,0.0,1091.684570836008
IT,Current Policies,2039,0.01694499312126323,0.0,1091.684570836008
IT,Current Policies,2040,0.01694499312126323,0.0,1091.684570836008
IT,Current Policies,2041,0.016944993121263234,0.0,1091.6845708360079
IT,Current Policies,2042,0.01694499312126323,0.0,1091.6845708360079
IT,Current Policies,2043,0.016944993121263234,0.0,1091.684570836008
IT,Current Policies,2044,0.01694499312126323,0.0,1091.684570836008
IT,Current Policies,2045,0.01694499312126323,0.0,1091.6845708360079
IT,Current Policies,2046,0.016944993121263234,0.0,1091.684570836008
IT,Current Policies,2047,0.01694499312126323,0.0,1091.684570836008
IT,Current Policies,2048,0.016944993121263234,0.0,1091.6845708360079
IT,Current Policies,2049,0.016944993121263234,0.0,1091.684570836008
IT,Current Policies,2050,0.016944993121263234,0.0,1091.6845708360079
IT,Delayed transition,2025,0.016944993121263234,0.0,1091.6845708360079
IT,Delayed transition,2026,0.016944993121263234,0.0,1091.6845708360079
IT,Delayed transition,2027,0.01694499312126323,0.0,1091.6845708360079
IT,Delayed transition,2028,0.016944993121263234,0.0,1091.6845708360079
IT,Delayed transition,2029,0.01694499312126323,0.0,1091.6845708360079
IT,Delayed transition,2030,0.016944993121263234,0.0,1091.6845708360079
IT,Delayed transition,2031,0.025585259461904583,0.8640266340641356,1648.3354578850954
IT,Delayed transition,2032,0.03719274809968813,2.0247754978424894,2396.1502348720273
IT,Delayed transition,2033,0.044785744317239105,2.7840751195975866,2885.330534786993
IT,Delayed transition,2034,0.04959762611224564,3.265263299098242,3195.3369818066485
IT,Delayed transition,2035,0.052506813740922156,3.556182061965893,3382.7619766216585
IT,Delayed transition,2036,0.055475216185501594,3.8530223064238367,3574.001897794178
IT,Delayed transition,2037,0.055892874521408877,3.8947881400145636,3600.909619616671
IT,Delayed transition,2038,0.052678387817010265,3.573339469574703,3393.8156707884496
IT,Delayed transition,2039,0.05362762382039207,3.668263069912884,3454.9703901535236
IT,Delayed transition,2040,0.05567113047761027,3.8726137356347037,3586.6237152461376
IT,Delayed transition,2041,0.05792023799382103,4.097524487255779,3731.522916799519
IT,Delayed transition,2042,0.05879363853642505,4.184864541516182,3787.7919214368926
IT,Delayed transition,2043,0.0587225377930706,4.177754467180737,3783.2112418261318
IT,Delayed transition,2044,0.05779723824236609,4.085224512110286,3723.598633212084
IT,Delayed transition,2045,0.0560917386458434,3.914674552458017,3613.7214806061907
IT,Delayed transition,2046,0.05584116257955989,3.8896169458296668,3597.578067420663
IT,Delayed transition,2047,0.053844766260026246,3.6899773138763012,3468.9598352554426
IT,Delayed transition,2048,0.049924270477778865,3.2979277356515637,3216.3811103849994
IT,Delayed transition,2049,0.04782116050053302,3.087616737926978,3080.88782947894
IT,Delayed transition,2050,0.045026737042274556,2.8081743921011326,2900.856539295947
IT,Fragmented World,2025,0.016944993121263234,0.0,1091.6845708360079
IT,Fragmented World,2026,0.016946864689267704,0.0001871568004471514,1091.8051469790096
IT,Fragmented World,2027,0.016948601406618514,0.00036082853552813474,1091.9170353416791
IT,Fragmented World,2028,0.016950218236340207,0.0005225115076976761,1092.0211999198655
IT,Fragmented World,2029,0.0169517286642909,0.0006735543027669204,1092.118509542674
IT,Fragmented World,2030,0.01695314485689535,0.0008151735632118704,1092.2097480344544
IT,Fragmented World,2031,0.0223640026615391,0.541900954027587,1440.8053442701887
IT,Fragmented World,2032,0.031828382316684965,1.488338919542174,2050.5498964288927
IT,Fragmented World,2033,0.039134156694928174,2.218916357366495,2521.2258719020865
IT,Fragmented World,2034,0.044102839603497423,2.715784648223419,2841.3342620232424
IT,Fragmented World,2035,0.047836524061465865,3.089153094020264,3081.877629964751
IT,Fragmented World,2036,0.05140197631918344,3.4456983197920206,3311.5826047586565
IT,Fragmented World,2037,0.054213527902898746,3.726853478163551,3492.7173778498327
IT,Fragmented World,2038,0.056083876153256135,3.9138883031992906,3613.2149379487573
IT,Fragmented World,2039,0.05718550143422717,4.024050831296395,3684.1873670003733
IT,Fragmented World,2040,0.05770596305240298,4.076096993113974,3717.718210843672
IT,Fragmented World,2041,0.057506564285928485,4.056157116466526,3704.8719054338003
IT,Fragmented World,2042,0.05708665681853671,4.014166369727348,3677.819282865591
IT,Fragmented World,2043,0.05622829506663291,3.9283301945369686,3622.519155326839
IT,Fragmented World,2044,0.054405090894236174,3.7460097772972927,3505.058861879344
IT,Fragmented World,2045,0.05094475538988717,3.399976226862395,3282.1260549445597
IT,Fragmented World,2046,0.048167284781221974,3.1222291659958734,3103.1869554871823
IT,Fragmented World,2047,0.045719674923008026,2.87746818017448,2945.499200849777
IT,Fragmented World,2048,0.04444203352093617,2.7497040399672934,2863.186897993017
IT,Fragmented World,2049,0.04336981243081696,2.6424819309553724,2794.108839817869
IT,Fragmented World,2050,0.04241752195505642,2.54725288337932,2732.757335458902
IT,Nationally Determined Contributions (NDCs),2025,0.016944993121263234,0.0,1091.6845708360079
IT,Nationally Determined Contributions (NDCs),2026,0.02223048859602035,0.5285495474757121,1432.2036738963304
IT,Nationally Determined Contributions (NDCs),2027,0.03014456491508357,1.319957179382034,1942.0696235672422
IT,Nationally Determined Contributions (NDCs),2028,0.0356991298190273,1.875413669776407,2299.9235784167977
IT,Nationally Determined Contributions (NDCs),2029,0.038060108787208384,2.1115115665945154,2452.030120637658
IT,Nationally Determined Contributions (NDCs),2030,0.03832465596461461,2.137966284335138,2469.0736254514895
IT,Nationally Determined Contributions (NDCs),2031,0.03925676032513157,2.2311767203868342,2529.124635298667
IT,Nationally Determined Contributions (NDCs),2032,0.04035355009002307,2.3408556968759835,2599.7855352597544
IT,Nationally Determined Contributions (NDCs),2033,0.04101828376852951,2.407329064726628,2642.611135444268
IT,Nationally Determined Contributions (NDCs),2034,0.0420145037652494,2.5069510643986175,2706.792807976946
IT,Nationally Determined Contributions (NDCs),2035,0.04307620983612814,2.6131216714864913,2775.1934339345235
IT,Nationally Determined Contributions (NDCs),2036,0.04503355492785886,2.808856180659563,2901.2957829382926
IT,Nationally Determined Contributions (NDCs),2037,0.04690513190917616,2.996013878791293,3021.8725042750557
IT,Nationally Determined Contributions (NDCs),2038,0.0485727329020359,3.162773978077266,3129.3080317602435
IT,Nationally Determined Contributions (NDCs),2039,0.04983319894680439,3.288820582554116,3210.513808787663
IT,Nationally Determined Contributions (NDCs),2040,0.05102111717914987,3.4076124057886648,3287.0456784901667
IT,Nationally Determined Contributions (NDCs),2041,0.05108131757971837,3.4136324458455145,3290.924101336872
IT,Nationally Determined Contributions (NDCs),2042,0.051080497118559325,3.4135503997296093,3290.8712429626084
IT,Nationally Determined Contributions (NDCs),2043,0.051053988996802864,3.410899587553964,3289.163451916824
IT,Nationally Determined Contributions (NDCs),2044,0.05104271173357324,3.4097718612310013,3288.4369119778034
IT,Nationally Determined Contributions (NDCs),2045,0.05103061103479006,3.4085617913526836,3287.657322038557
IT,Nationally Determined Contributions (NDCs),2046,0.05084776909860956,3.390277597734633,3275.877693731741
IT,Nationally Determined Contributions (NDCs),2047,0.050662598169455474,3.3717605048192234,3263.9480195868023
IT,Nationally Determined Contributions (NDCs),2048,0.05052828796896128,3.358329484769804,3255.295058057924
IT,Nationally Determined Contributions (NDCs),2049,0.05035216246191475,3.3407169340651506,3243.9481370413505
IT,Nationally Determined Contributions (NDCs),2050,0.050175551892175436,3.32305587709122,3232.5699657637806
IT,Net Zero 2050,2025,0.016944993121263234,0.0,1091.6845708360079
IT,Net Zero 2050,2026,0.02453467269528374,0.758967957402051,1580.651195328194
IT,Net Zero 2050,2027,0.034668310276489596,1.7723317155226366,2233.5128232248976
IT,Net Zero 2050,2028,0.0407458396977595,2.380084657649626,2625.058871696095
IT,Net Zero 2050,2029,0.04379212642744823,2.6847133306185005,2821.316503513638
IT,Net Zero 2050,2030,0.043577000478467694,2.663200735720446,2807.456971225377
IT,Net Zero 2050,2031,0.04819878895310401,3.1253795831840776,3105.216618061517
IT,Net Zero 2050,2032,0.05025398341124932,3.330899028998609,3237.6229320664197
IT,Net Zero 2050,2033,0.05216253952791984,3.5217546406656615,3360.582041594142
IT,Net Zero 2050,2034,0.05450199796584458,3.7557004844581354,3511.3021193491313
IT,Net Zero 2050,2035,0.056775841636002224,3.983084851473899,3657.794952567771
IT,Net Zero 2050,2036,0.05994585144257028,4.300085832130703,3862.023468357879
IT,Net Zero 2050,2037,0.06199457516283745,4.504958204157421,3994.012903780835
IT,Net Zero 2050,2038,0.06354804340707473,4.660305028581149,4094.0954061094712
IT,Net Zero 2050,2039,0.06418043126430313,4.723543814303991,4134.837120288982
IT,Net Zero 2050,2040,0.06413744741373871,4.7192454292475485,4132.0678771196
IT,Net Zero 2050,2041,0.065890152434891,4.894515931362778,4244.986248648341
IT,Net Zero 2050,2042,0.06650387056051203,4.9558877439248805,4284.525161635101
IT,Net Zero 2050,2043,0.06616199806864109,4.921700494737786,4262.499957971817
IT,Net Zero 2050,2044,0.06488895864999594,4.7943965528732715,4180.484138817718
IT,Net Zero 2050,2045,0.06275019020475975,4.580519708349652,4042.6935539796887
IT,Net Zero 2050,2046,0.06068995445792354,4.374496133666031,3909.9624539426154
IT,Net Zero 2050,2047,0.056518667184886434,3.9573674063623208,3641.226437119746
IT,Net Zero 2050,2048,0.05206706616781921,3.5122073046555977,3354.4311512749864
IT,Net Zero 2050,2049,0.04895974353202691,3.2014750410763684,3154.2412689995404
IT,Net Zero 2050,2050,0.0446573118347948,2.7712318713531565,2877.056246419022
DE,Below 2?C,2025,0.003931042862161666,0.0,247.8726938821763
DE,Below 2?C,2026,0.00477665494624171,0.0845612084080043,301.1929329662602
DE,Below 2?C,2027,0.006671676505687963,0.2740633643526297,420.68389640145557
DE,Below 2?C,2028,0.007891488508290152,0.39604456461284865,497.5993861879373
DE,Below 2?C,2029,0.008270946507393935,0.43399036452322687,521.526186213026
DE,Below 2?C,2030,0.00824015919881315,0.4309116336651485,519.584886313003
DE,Below 2?C,2031,0.008955661127012592,0.5024618264850925,564.7010034960044
DE,Below 2?C,2032,0.009402591300884607,0.5471548438722942,592.8822749955392
DE,Below 2?C,2033,0.009654626093067803,0.5723583230906136,608.774379223609
DE,Below 2?C,2034,0.0094255235296138,0.5494480667452136,594.3282712645042
DE,Below 2?C,2035,0.009147041032056363,0.5215998169894699,576.7685016845205
DE,Below 2?C,2036,0.009231082340265605,0.530003947810394,582.0677431819158
DE,Below 2?C,2037,0.009266053325452387,0.5335010463290721,584.2728456470654
DE,Below 2?C,2038,0.009524066995191607,0.559302413302994,600.5419491952059
DE,Below 2?C,2039,0.009684245315962186,0.5753202453800522,610.6420252470589
DE,Below 2?C,2040,0.009780022630650245,0.584897976848858,616.6812829801775
DE,Below 2?C,2041,0.010121024261685029,0.6189981399523363,638.1832090254019
DE,Below 2?C,2042,0.010647888279318191,0.6716845417156528,671.4047250300646
DE,Below 2?C,2043,0.01084762861843213,0.6916585756270464,683.9993920609617
DE,Below 2?C,2044,0.010819894394850071,0.6888851532688404,682.2506050461502
DE,Below 2?C,2045,0.010754221758943366,0.6823178896781702,678.1096038545259
DE,Below 2?C,2046,0.01091187145374454,0.6980828591582875,688.0502368901527
DE,Below 2?C,2047,0.01088273537706306,0.6951692514901395,686.2130557477867
DE,Below 2?C,2048,0.010702910150467005,0.6771867288305338,674.8741401197271
DE,Below 2?C,2049,0.010499084913677023,0.6568042051515357,662.0218990488875
DE,Below 2?C,2050,0.010196160684942418,0.6265117822780751,642.9209512211811
DE,Current Policies,2025,0.003931042862161666,0.0,247.8726938821763
DE,Current Policies,2026,0.003931042862161666,0.0,247.8726938821763
DE,Current Policies,2027,0.003931042862161666,0.0,247.8726938821763
DE,Current Policies,2028,0.003931042862161666,0.0,247.8726938821763
DE,Current Policies,2029,0.003931042862161666,0.0,247.8726938821763
DE,Current Policies,2030,0.003931042862161665,0.0,247.8726938821763
DE,Current Policies,2031,0.003931042862161666,0.0,247.87269388217632
DE,Current Policies,2032,0.003931042862161665,0.0,247.8726938821763
DE,Current Policies,2033,0.003931042862161666,0.0,247.8726938821763
DE,Current Policies,2034,0.003931042862161666,0.0,247.8726938821763
DE,Current Policies,2035,0.003931042862161665,0.0,247.8726938821763
DE,Current Policies,2036,0.003931042862161666,0.0,247.8726938821763
DE,Current Policies,2037,0.003931042862161666,0.0,247.87269388217632
DE,Current Policies,2038,0.003931042862161666,0.0,247.8726938821763
DE,Current Policies,2039,0.003931042862161666,0.0,247.8726938821763
DE,Current Policies,2040,0.003931042862161665,0.0,247.8726938821763
DE,Current Policies,2041,0.003931042862161666,0.0,247.87269388217632
DE,Current Policies,2042,0.003931042862161666,0.0,247.8726938821763
DE,Current Policies,2043,0.003931042862161665,0.0,247.8726938821763
DE,Current Policies,2044,0.003931042862161666,0.0,247.8726938821763
DE,Current Policies,2045,0.003931042862161666,0.0,247.8726938821763
DE,Current Policies,2046,0.003931042862161665,0.0,247.8726938821763
DE,Current Policies,2047,0.003931042862161666,0.0,247.8726938821763
DE,Current Policies,2048,0.003931042862161666,0.0,247.8726938821763
DE,Current Policies,2049,0.003931042862161665,0.0,247.8726938821763
DE,Current Policies,2050,0.003931042862161666,0.0,247.8726938821763
DE,Delayed transition,2025,0.003931042862161666,0.0,247.8726938821763
DE,Delayed transition,2026,0.003931042862161666,0.0,247.8726938821763
DE,Delayed transition,2027,0.003931042862161666,0.0,247.8726938821763
DE,Delayed transition,2028,0.003931042862161666,0.0,247.8726938821763
DE,Delayed transition,2029,0.003931042862161666,0.0,247.8726938821763
DE,Delayed transition,2030,0.003931042862161665,0.0,247.8726938821763
DE,Delayed transition,2031,0.005033910893207272,0.11028680310456061,317.41425815336316
DE,Delayed transition,2032,0.0077291595700716125,0.37981167079099487,487.36370252277965
DE,Delayed transition,2033,0.009505960220668663,0.5574917358506997,599.4002229063067
DE,Delayed transition,2034,0.010490393645133262,0.6559350782971597,661.4738693726069
DE,Delayed transition,2035,0.010940913624940344,0.7009870762778682,689.8814968033386
DE,Delayed transition,2036,0.011457406704251698,0.7526363842090033,722.4490712179318
DE,Delayed transition,2037,0.010910361642493108,0.697931878033144,687.9550354397313
DE,Delayed transition,2038,0.00960295974755439,0.5671916885392725,605.5165474739917
DE,Delayed transition,2039,0.009532832989992709,0.5601790127831044,601.0946907505883
DE,Delayed transition,2040,0.009725245696476058,0.5794202834314391,613.2273124404372
DE,Delayed transition,2041,0.010983359505230415,0.705231664306875,692.557930274205
DE,Delayed transition,2042,0.011602928344120937,0.7671885481959269,731.6249673242145
DE,Delayed transition,2043,0.011726403080756327,0.7795360218594662,739.4106915377064
DE,Delayed transition,2044,0.011319609412884051,0.7388566550722384,713.7602354512863
DE,Delayed transition,2045,0.010498405551665823,0.6567362689504158,661.9790617413989
DE,Delayed transition,2046,0.010538048153420942,0.6607005291259277,664.4787339235883
DE,Delayed transition,2047,0.009746383378718202,0.5815340516556535,614.5601532217519
DE,Delayed transition,2048,0.008623373399442635,0.4692330537280969,543.7485343765353
DE,Delayed transition,2049,0.007348931537092267,0.3417888674930601,463.3883478576603
DE,Delayed transition,2050,0.006254514775031256,0.23234719128695913,394.379680042551
DE,Fragmented World,2025,0.003931042862161666,0.0,247.8726938821763
DE,Fragmented World,2026,0.003931228306062786,1.854439011205593e-05,247.88438708445025
DE,Fragmented World,2027,0.003931397519904271,3.5465774260492505e-05,247.89505689706775
DE,Fragmented World,2028,0.003931550096964551,5.072348028843818e-05,247.90467767411914
DE,Fragmented World,2029,0.003931685751727712,6.428895660457532e-05,247.91323141234125
DE,Fragmented World,2030,0.0039318043204337235,7.614582720577249e-05,247.92070778581254
DE,Fragmented World,2031,0.004696172321765008,0.07651294596033427,296.118084983357
DE,Fragmented World,2032,0.006591381870179685,0.26603390080180184,415.62090210055413
DE,Fragmented World,2033,0.008456501759446183,0.4525458897284518,533.226409742231
DE,Fragmented World,2034,0.009791152958035577,0.5860110095873912,617.3831079995249
DE,Fragmented World,2035,0.010526021660099676,0.6594978797938009,663.7204009819171
DE,Fragmented World,2036,0.011392705969294767,0.7461663107133101,718.3693534350754
DE,Fragmented World,2037,0.012461287913509018,0.853024505134735,785.7490016438937
DE,Fragmented World,2038,0.012884487519656556,0.8953444657494888,812.4339374494481
DE,Fragmented World,2039,0.012945004835037239,0.9013961972875575,816.2498688742402
DE,Fragmented World,2040,0.012623274435221947,0.8692231573060283,795.9630941678071
DE,Fragmented World,2041,0.012035476221759343,0.8104433359597674,758.8993602582798
DE,Fragmented World,2042,0.011312660198792053,0.7381617336630386,713.3220513668726
DE,Fragmented World,2043,0.01052927611644399,0.6598233254282327,663.9256113775992
DE,Fragmented World,2044,0.00937095923945804,0.5439916377296375,590.8877090358748
DE,Fragmented World,2045,0.008004718996435184,0.40736761342735167,504.73915726401975
DE,Fragmented World,2046,0.006923870514577997,0.29928276524163316,436.58604007081857
DE,Fragmented World,2047,0.0061242716021680625,0.21932287400063974,386.16717072902765
DE,Fragmented World,2048,0.005434991592659195,0.15039487304975296,342.70448187344414
DE,Fragmented World,2049,0.005037956171572589,0.11069133094109235,317.66933398974396
DE,Fragmented World,2050,0.004920360410437333,0.09893175482756668,310.2543097522081
DE,Nationally Determined Contributions (NDCs),2025,0.003931042862161666,0.0,247.8726938821763
DE,Nationally Determined Contributions (NDCs),2026,0.004729475774271256,0.07984329121095907,298.21804084182895
DE,Nationally Determined Contributions (NDCs),2027,0.006269685819117202,0.2338642956955536,395.336293261599
DE,Nationally Determined Contributions (NDCs),2028,0.007371769429267978,0.3440726567106311,464.82839571637817
DE,Nationally Determined Contributions (NDCs),2029,0.0073390102234325285,0.3407967361270863,462.76275744058273
DE,Nationally Determined Contributions (NDCs),2030,0.007171375026715602,0.32403321645539357,452.1924865845576
DE,Nationally Determined Contributions (NDCs),2031,0.007043572693850079,0.3112529831688413,444.13388492525553
DE,Nationally Determined Contributions (NDCs),2032,0.007121703269290253,0.3190660407128587,449.06042398575073
DE,Nationally Determined Contributions (NDCs),2033,0.007387051830095418,0.345600896793375,465.7920305570326
DE,Nationally Determined Contributions (NDCs),2034,0.0077162243716265245,0.3785181509464859,486.54807099778486
DE,Nationally Determined Contributions (NDCs),2035,0.008010405010349345,0.4079362148187681,505.09769000857995
DE,Nationally Determined Contributions (NDCs),2036,0.008432207168766285,0.45011643066046186,531.6945094679919
DE,Nationally Determined Contributions (NDCs),2037,0.00895531889450918,0.5024276032347516,564.6794239570553
DE,Nationally Determined Contributions (NDCs),2038,0.00943775724657547,0.5506714384413804,595.0996707342657
DE,Nationally Determined Contributions (NDCs),2039,0.009912806529465242,0.5981763667303577,625.0539982767367
DE,Nationally Determined Contributions (NDCs),2040,0.010227777126572827,0.629673426441116,644.9145322714749
DE,Nationally Determined Contributions (NDCs),2041,0.010226754545198568,0.6295711683036901,644.8500531984048
DE,Nationally Determined Contributions (NDCs),2042,0.01020872235997369,0.6277679497812025,643.7130301526132
DE,Nationally Determined Contributions (NDCs),2043,0.010193461922348409,0.6262419060186741,642.7507802060633
DE,Nationally Determined Contributions (NDCs),2044,0.010176963615286552,0.6245920753124886,641.7104761546166
DE,Nationally Determined Contributions (NDCs),2045,0.010167587672436846,0.6236544810275181,641.1192742030399
DE,Nationally Determined Contributions (NDCs),2046,0.01007071331433609,0.6139670452174425,635.0108421781251
DE,Nationally Determined Contributions (NDCs),2047,0.009963703963558185,0.6032661101396519,628.263346162954
DE,Nationally Determined Contributions (NDCs),2048,0.009823390315088337,0.589234745292667,619.4158409959582
DE,Nationally Determined Contributions (NDCs),2049,0.00970076349686259,0.5769720634700926,611.6835824473701
DE,Nationally Determined Contributions (NDCs),2050,0.009581696064161507,0.5650653201999839,604.1757616649165
DE,Net Zero 2050,2025,0.003931042862161666,0.0,247.8726938821763
DE,Net Zero 2050,2026,0.004981433379648036,0.10503905174863698,314.1052780403828
DE,Net Zero 2050,2027,0.007335328831535647,0.3404285969373982,462.53062653824657
DE,Net Zero 2050,2028,0.008465400962559325,0.45343581003976585,533.7875507743707
DE,Net Zero 2050,2029,0.008796139051823542,0.4865096189661875,554.6423071405437
DE,Net Zero 2050,2030,0.007931727848761519,0.4000684986599854,500.1366858492274
DE,Net Zero 2050,2031,0.009351104805237357,0.542006194307569,589.6357837152026
DE,Net Zero 2050,2032,0.010064693022780543,0.6133650160618876,634.6312314900317
DE,Net Zero 2050,2033,0.010629944734120829,0.6698901871959163,670.2732911989358
DE,Net Zero 2050,2034,0.011230463343063235,0.729942048090157,708.1391121895208
DE,Net Zero 2050,2035,0.012095975530993558,0.8164932668831895,762.7141563019052
DE,Net Zero 2050,2036,0.013986857899008259,1.0055815036846596,881.9441221935458
DE,Net Zero 2050,2037,0.015158963863272406,1.1227921001110743,955.8514981914145
DE,Net Zero 2050,2038,0.016124803340505846,1.2193760478344184,1016.7526995962644
DE,Net Zero 2050,2039,0.016419468433546643,1.248842557138498,1035.3328659709705
DE,Net Zero 2050,2040,0.016187239825170556,1.2256196963008887,1020.6896446240945
DE,Net Zero 2050,2041,0.017204705092827625,1.327366223066596,1084.8461205692647
DE,Net Zero 2050,2042,0.017716597280484605,1.378555441832294,1117.123584840413
DE,Net Zero 2050,2043,0.017650019780244372,1.3718976918082706,1112.925527247265
DE,Net Zero 2050,2044,0.017161653309670028,1.3230610447508364,1082.1314817719056
DE,Net Zero 2050,2045,0.016260446326122002,1.2329403463960336,1025.3056951828883
DE,Net Zero 2050,2046,0.015258962760152688,1.1327919897991026,962.15694863398
DE,Net Zero 2050,2047,0.013319499534843087,0.9388456672681419,839.8637070694377
DE,Net Zero 2050,2048,0.010115024921980551,0.6183982059818887,637.8049194604683
DE,Net Zero 2050,2049,0.008094291693596807,0.41632488314351435,510.3871815980855
DE,Net Zero 2050,2050,0.007137480853470046,0.320643799130838,450.05528271172454
