variant,country,dpd_pp,pd
Reference,IT,2.7712318713531565,0.0446573118347948
Reference,DE,0.320643799130838,0.007137480853470046
Pass-through 50%,IT,2.4689747669882482,0.041634740791145715
Pass-through 50%,DE,0.18367756379916436,0.0057678185001533095
Volatility x0.8,IT,2.8148595380311634,0.04509358850157787
Volatility x0.8,DE,0.32730329801901,0.007204075842351887
Volatility x1.2,IT,2.734953616356075,0.044294529284825475
Volatility x1.2,DE,0.31457997863100784,0.007076842648471861
AFOLU unpriced,IT,0.6290180968352546,0.02323517408961578
AFOLU unpriced,DE,0.15685074781021444,0.00549955034026381
MESSAGEix,IT,3.6184455574315195,0.053578642026696065
MESSAGEix,DE,0.5157020385607719,0.00913007101973988
REMIND,IT,2.968167955320454,0.04662667267446777
REMIND,DE,0.4947757518841151,0.008878800381002817
Leverage cap 10x,IT,2.9088044715312895,0.04603303783657758
Leverage cap 10x,DE,0.3654882477114936,0.007585925339276637
Leverage cap 40x,IT,2.6644467326768404,0.04358946044803371
Leverage cap 40x,DE,0.3170791759089046,0.007101834621251664
Representative firm,IT,2.395390088632622,0.04089889400758931
Representative firm,DE,0.418859581644502,0.008119638678607625
